{"version":43,"hash":{"type":"Buffer","data":"iX5FHtZvy6XKCg5ZXIPuj4HOuP45MuGVQsNnWnm2EZ6MSRjBEBWNv0tEQeolRybG4IZhQ4z3kbvQHlSbHueYNxfANHB7B9f85JoWI/zR5iI9z3N+SBeIJ6q+ynfZqg+u6T7v7AtZksePzEQNLsMVdyeiNp7Dw3ky39yVTaozhlI="},"indexValueMap":{"CrZvoTRPbxegrZV44Of6xTeKednx1d/40N+qNEpwFWE=":{"valueMac":{"type":"Buffer","data":"+iBVhN4NmhtqDLTPjUDTBR6O3+FYBjXqI77mdsQB0Jc="}},"FQGYejZKpgNcBZgiNfVRRM+SmfPEkYpfKCnd6X74b94=":{"valueMac":{"type":"Buffer","data":"iMZr5UsT+y/5L+xEW6dqsogOTDDe3U1gD80mhDabb+o="}},"JHuBTPN+zVrPmvbchCo1BLq62WjV26QRExfSrULwa0c=":{"valueMac":{"type":"Buffer","data":"utxWJeJbZadYd6zSypMcIQqQ5tS4evymMEY8HDQYEGw="}},"JZMSLWAZWTw25sWJWuDiGdt4MrFLKgZ0k7W3YomqEgQ=":{"valueMac":{"type":"Buffer","data":"OzVkqFi7xv/3Z4/iThGI3WYubKW7IpWhxh7J8StpDEc="}},"auRzbU4gKWmP2A5CLtxGEelTRNyE1SUdpu4pZ2ab7iE=":{"valueMac":{"type":"Buffer","data":"yEQkBtNnTAvZxynDp4KBRn2bL0vhK1Xc1a1q4EBJQJk="}},"cmOalq8D+ivgKvio9IHQEM7yxfGG194DXRszqwBky/E=":{"valueMac":{"type":"Buffer","data":"e0RDKXZWZA2tDQ/PmK/yDXzFysCQUg0I1UuM8YuOS08="}},"fbWXJE/r8Gkcs38Ej88l7lJuys8xCiCjT8WBONTo2nY=":{"valueMac":{"type":"Buffer","data":"OWzNo0kGT4rbYQ3TNTXr9C9gSgyIc+GV2HcY0z4Yokg="}},"gB97jC8Qhdjqa3H/3HhbjIWff/z8JzVuZ00tPfinLeE=":{"valueMac":{"type":"Buffer","data":"FtFHLcEIAti2cwxxv+5qi6jCyn4YFKrq9f0rMD46SE4="}},"mhgekyMPf/SfMAG6tbHvzdfUaP5mXb0TH2QL1WSTcow=":{"valueMac":{"type":"Buffer","data":"yQ4UyA5bBbUC2aX/rSL1xV/HNB9DUVsl0mF8IAa8MPc="}},"pTN3hz/cFz6Lhb1TTqJaE4Hd7wKvcMruKsVun0i6elI=":{"valueMac":{"type":"Buffer","data":"UvIzrwSqaGl1YvoxGRFGvccqk/N+t8nHf9xTHQfLx9M="}},"pcjRKsVjbGlwyvowjnZkBH/IogxbkZWWiZgRlQ1CGso=":{"valueMac":{"type":"Buffer","data":"Z/u9XVudcsUBUjJ1KrHumqj1PI6swVuaOxuo9F3tXkM="}},"p45EN5F3YS+sIlG+7x8O0PAgItXryNLlnzeJYTgdhSg=":{"valueMac":{"type":"Buffer","data":"HaqyGZcu0gaBQg9+8554hdnPjHx/VyLINKYYd6oQax8="}},"sLe90b5cnpAhwWLX96G9k6yYLG7mgeKjGseJn+w60p4=":{"valueMac":{"type":"Buffer","data":"0CQx5HdadafEpht1oe9Dh1WiCjJMoWEhNZLmZ7SJxeY="}},"tbnamTMdwzTprKcmZs53dRBUwOT8FJHWb03n7qknvM8=":{"valueMac":{"type":"Buffer","data":"eNSoCe0+6Jjzzyo+KvehRtXw9BZPWljxS9J6fZqxk0A="}},"vEASQWrKaYr4tXJOfC0GmS4GLbSG/5ZHm//gintDWAU=":{"valueMac":{"type":"Buffer","data":"2mL8uh8co+/lN6LyNahXyf62BikxsqAQmWRD4A/bGo8="}},"25tO6ghnloZE1E0KWfD8ba1HnSGwYuNFDry3kXu7XWI=":{"valueMac":{"type":"Buffer","data":"EOiupHYOQcTxYf3bdTDHlNL77bneyGGEb1Dh3/UJwSQ="}},"5GJM2+qmqpknWVeSVVLvXKHWLm08RUYBqwmly1RwfnQ=":{"valueMac":{"type":"Buffer","data":"0gYZ0+IABQc+/ALY+ovZvjmk/QVfrlkI20DPsyC4aoA="}},"6jX/bLPy9bYU/KLIj3rOFYR55HJZLCn+qhnVfhRxKaY=":{"valueMac":{"type":"Buffer","data":"QO2V1kJiuiS40VsZu27XcAENSbx8ynEHBW6r+R2fcTY="}},"+bOfBnZPkLeVc7J7II+j9lWpmFix3XgicH+FdO3j+gQ=":{"valueMac":{"type":"Buffer","data":"1eWaLGA9qJG9DLAJEO2aG7CY+9NRlUWaFT9x6x8r7zA="}},"+hp/2jvW4zidjxzxfQ5hc2Gb5XMMS8B6VD/qmR0+Izs=":{"valueMac":{"type":"Buffer","data":"IX+G5pNR/sHajcTH1V6nT7qDEmDp7PWAx6QMu7ryvKE="}},"+9Nf8d5Kjs9ZoObzAZEHLbbN0uKdb4GHBXfvsczvZFQ=":{"valueMac":{"type":"Buffer","data":"QSs6PP/k85J1UlDSHV0b1CRIakEFPd63zat8Tuja2og="}},"qYMH2oalCvafzZ30TFoNQMV29PAXLLyl8Ih2n5H1Vl8=":{"valueMac":{"type":"Buffer","data":"Tnr9OAajpO8ibp8OfZSB8pbwuDm9CFrzYYIzqJ5nvLY="}},"/BNh4XvHt3haJs+IyMR2f16LueSZ0Zn3SFhpFj42Jsw=":{"valueMac":{"type":"Buffer","data":"o6upCIu2BNgjmzT8eFplSkea6SwPMVPw6iojl3oWBog="}},"pMGiDulh0c5CHbYGb19Mr7In9AtRFRSlOWa1Mf3T3m0=":{"valueMac":{"type":"Buffer","data":"MUpyIBUobzKV5UxQa7xA7rDVGxiPdOQu1MDPb/wGDTo="}}}}