{"version":20,"hash":{"type":"Buffer","data":"Xvg0HFzilFYLhil3tN6QzbTdR01OjrhjhV7ccR5KaRvU7a57aTCDPetrKvZCcWFfTv80lvLspPdP8MR8TneIkZlZ+H9J88YO9tKEg4KBgFhXitc+6OLhvwuArYppGihv+mHXVWEsNzr+O/be21KvJNAmaR/t6L/Qmt8fAeVi+TY="},"indexValueMap":{"KYhgiWz2NjfznW7RoCSMS3LQ82lQijsg76s0H8KQykk=":{"valueMac":{"type":"Buffer","data":"dkJgRqSgbNhreKMKLc9EaO8xfgPacPGHz8F/8TMJsiQ="}},"T72fRkojAomDX7cQhukhyebg/PQSRNZjgzrX4/7b6f8=":{"valueMac":{"type":"Buffer","data":"+Abim9kE/vnYf+dtEsSL9a73yPAKbjOCEyRyggLrzkg="}},"WMPEuqqrGsI7iCGnD0HVf+wxUpcKtB7FaBYJnHoWMXQ=":{"valueMac":{"type":"Buffer","data":"tSDGnC1ZiL/vES1LQIIQ5E0PrxpKAwTPddimcckPxgg="}},"trPct3UrDUbVljhTpqn5p9JXKpRHzaEkKmZHHZoqeJU=":{"valueMac":{"type":"Buffer","data":"ddTdmQQ/KsryG9HleyHV/IrvTH+e2Yt+Q4wmGq/j9Os="}}}}