{"noiseKey":{"private":{"type":"Buffer","data":"qDt3A289HhbnFeshoC9EVCv0aTxJwsJAIKjOfaVD90M="},"public":{"type":"Buffer","data":"z3gXmLVqHuLLTWrFwbS9WmhaBHqYDw7JUc4+mvyi/B8="}},"pairingEphemeralKeyPair":{"private":{"type":"Buffer","data":"uGwhXWZMdXgluh/gH4xzswYPP0ssflRHCUd6W2VLdU8="},"public":{"type":"Buffer","data":"LKLa9GjdXTs4/chT9hMm83GYPAzMzF0lhGiUeSbvVxw="}},"signedIdentityKey":{"private":{"type":"Buffer","data":"uNDUIgvtkiUQAVDmbCg7uhHVMFj0T/id5M7Zu9Vu21g="},"public":{"type":"Buffer","data":"BRWCT4x8GTD+cnGzYtCuYAegmZt0ed44myI9GaX3cAI="}},"signedPreKey":{"keyPair":{"private":{"type":"Buffer","data":"eHxIjX/9r3xl47bTeCQLie4bRtKHuU+0tsyj5MEEWmM="},"public":{"type":"Buffer","data":"iCGHnMuY6VHgXffCGFxl9SCfVxSBEJ/+EAVLGc7Aqxo="}},"signature":{"type":"Buffer","data":"kfIcMniimhsw9YBl90SZWYjOvxHgvcvCg8hx/eOnndB9zsNK/LhU5TxbLPPN3mQZN1ij6RYLjTjJ8Rw+U3O0jw=="},"keyId":1},"registrationId":48,"advSecretKey":"dcFgX9YNZThady8y0RMrRPAKZoKNyOvskt64BgIYrwk=","processedHistoryMessages":[{"key":{"remoteJid":"6281515854072@s.whatsapp.net","fromMe":true,"id":"3AB643B6910263EB387E"},"messageTimestamp":1751462676},{"key":{"remoteJid":"6281515854072@s.whatsapp.net","fromMe":true,"id":"3A2B66CA5CBEA939AF3C"},"messageTimestamp":1751462677},{"key":{"remoteJid":"6281515854072@s.whatsapp.net","fromMe":true,"id":"3AEC8A31B39D17956EC8"},"messageTimestamp":1751462683}],"nextPreKeyId":31,"firstUnuploadedPreKeyId":31,"accountSyncCounter":1,"accountSettings":{"unarchiveChats":false},"registered":false,"account":{"details":"CJ6hyy0QieaUwwYYFyAAKAA=","accountSignatureKey":"OaTlZLEvi7RaSVGqrhPKhoytRgoGV657j3YHTzUiIlM=","accountSignature":"P1ILRBDEiztc65Tymiu06H7E7CycahzqCfKYugAQI1VlPN8psA1+6RqePwLrBJIhtegPjZGwcATpnL3+fYW9Aw==","deviceSignature":"TfPlKvWHphwLS5mKWWYAlvETeAVZqtzChscT1C+yYByZ0lomFr++CUYMt3qEimYJExEuYSQp+gDiHMv8ZmTgjg=="},"me":{"id":"6281515854072:43@s.whatsapp.net","name":"LAZISMU TULUNGAGUNG","lid":"208173273190528:43@lid"},"signalIdentities":[{"identifier":{"name":"6281515854072:43@s.whatsapp.net","deviceId":0},"identifierKey":{"type":"Buffer","data":"BTmk5WSxL4u0WklRqq4TyoaMrUYKBleue492B081IiJT"}}],"platform":"smbi","routingInfo":{"type":"Buffer","data":"CA0IEg=="},"lastAccountSyncTimestamp":1751462674,"myAppStateKeyId":"AAAAAF57","lastPropHash":"3R9Z39"}