{"_sessions":{"BSf4sQSe9ABiJxNvPifxwrFb4Ty3kbTcs0m0y2z7CDso":{"registrationId":185,"currentRatchet":{"ephemeralKeyPair":{"pubKey":"BWWroRyM6BdMbOv1j9/5fee1jCB7skSxeKy0a8d6TtBA","privKey":"iBB2GJ6JISQ4ANX0C/1QyFfG3291B33i0RPBIbbYgWg="},"lastRemoteEphemeralKey":"BdYNb7skoEcW52E7nvPGFpK3Jjio+XsoMiPOVSTT/AkI","previousCounter":0,"rootKey":"5z+IrWxRBK7JVRlMoccB83eav1Ua9PdY/lSfvNsm+RA="},"indexInfo":{"baseKey":"BSf4sQSe9ABiJxNvPifxwrFb4Ty3kbTcs0m0y2z7CDso","baseKeyType":1,"closed":-1,"used":1751462704497,"created":1751462704497,"remoteIdentityKey":"BQ+9/AA8Y2s0Dc5b6I0pz7p05S78/EafyQzH0CWax/1c"},"_chains":{"BWWroRyM6BdMbOv1j9/5fee1jCB7skSxeKy0a8d6TtBA":{"chainKey":{"counter":1,"key":"mjlK2JGxChhwRfCtvvhrBvg4mj5tmb9xFPyixQSC4uI="},"chainType":1,"messageKeys":{}}},"pendingPreKey":{"signedKeyId":1,"baseKey":"BSf4sQSe9ABiJxNvPifxwrFb4Ty3kbTcs0m0y2z7CDso","preKeyId":15}}},"version":"v1"}