{"_sessions":{"BVugEzzqz6lqqH9J4JxxkwFkyzz6U0LdTbnrQNfxtz5m":{"registrationId":1401728392,"currentRatchet":{"ephemeralKeyPair":{"pubKey":"BUGF49a6s2h0i4otA2EyUfixrLITY9GK5RFCrUMJiW1d","privKey":"gGDWaij07mZafx18zFxL+9sogoWHhYqlhG+/Jt8/WFw="},"lastRemoteEphemeralKey":"BfEsJ3FLF2Ac1TVqiw8Z9iWL11UFRb4FipEwed4t/bxx","previousCounter":0,"rootKey":"XDhCJ5AhT+OclWxrdgheft3jVHfSWPgOkIGVPBYTHuA="},"indexInfo":{"baseKey":"BVugEzzqz6lqqH9J4JxxkwFkyzz6U0LdTbnrQNfxtz5m","baseKeyType":2,"closed":-1,"used":1751462824388,"created":1751462668374,"remoteIdentityKey":"BTmk5WSxL4u0WklRqq4TyoaMrUYKBleue492B081IiJT"},"_chains":{"BalDS9Vs9isCmW0AR9WhuajKMBIHz/G2Vdafu8j1FFoR":{"chainKey":{"counter":4},"chainType":2,"messageKeys":{}},"BfEsJ3FLF2Ac1TVqiw8Z9iWL11UFRb4FipEwed4t/bxx":{"chainKey":{"counter":1,"key":"w/JmZeVDGu9deYUiaZhuVc8ElGJ26HcNrOEVcf0LNt4="},"chainType":2,"messageKeys":{}},"BUGF49a6s2h0i4otA2EyUfixrLITY9GK5RFCrUMJiW1d":{"chainKey":{"counter":0,"key":"vDL+GbQxCv/CrLaCqTUjnfkggGRj45MsUaFUZFMUGQ0="},"chainType":1,"messageKeys":{}}}}},"version":"v1"}