{"_sessions":{"BTktH2qVkeHIWDVVWaQgBk5+O0DBaRof6lOd1eSZv4Ee":{"registrationId":208,"currentRatchet":{"ephemeralKeyPair":{"pubKey":"BWSnfD9pKwlOVcWQnTPzn0X7xjWhtPBMLCa0uXlbPPo+","privKey":"SLAUIl3QI27aSDbBcuAmYulSdobFLX9fbnFOMIZJ+XM="},"lastRemoteEphemeralKey":"BdiYSq/J3Kix8E2l1Vbf1tLtwC6DQyLeJ5Wp0A2dsakI","previousCounter":0,"rootKey":"AWWa3SeElz61tjxmLW+5iujDObADequJRUNWUp6KObg="},"indexInfo":{"baseKey":"BTktH2qVkeHIWDVVWaQgBk5+O0DBaRof6lOd1eSZv4Ee","baseKeyType":1,"closed":-1,"used":1751462704491,"created":1751462704491,"remoteIdentityKey":"BTCrmhYe5kJ+ukd41Vl0Etk/fkEY2UxM/br2W7aCcKcl"},"_chains":{"BWSnfD9pKwlOVcWQnTPzn0X7xjWhtPBMLCa0uXlbPPo+":{"chainKey":{"counter":1,"key":"lq9eVxBHiXVvVsOGgCHABx7yWIv3Hzc20IBYxAO/auY="},"chainType":1,"messageKeys":{}}},"pendingPreKey":{"signedKeyId":1,"baseKey":"BTktH2qVkeHIWDVVWaQgBk5+O0DBaRof6lOd1eSZv4Ee","preKeyId":2}}},"version":"v1"}