{"_sessions":{"BfDaaJCm/U268brG+pftM6Y+q3pPKKPRCw06h0/0BBpB":{"registrationId":11405,"currentRatchet":{"ephemeralKeyPair":{"pubKey":"BYCySOF89yw5vFlrD809pZh3RPM/YIcl06seeFpvl7xb","privKey":"yIDhwcn879U9nm1BGrrJuxDoVQ+GMatvZcgG6VVeqmg="},"lastRemoteEphemeralKey":"BTMS3GQN655+AuJD8/LNukanQpU0Ve8EkAUI/vQdQ+Qu","previousCounter":0,"rootKey":"igAWCys4/K5MdkJd2hi+3nvsHyD+0QcvC+pT3lD5WDs="},"indexInfo":{"baseKey":"BfDaaJCm/U268brG+pftM6Y+q3pPKKPRCw06h0/0BBpB","baseKeyType":1,"closed":-1,"used":1751462704487,"created":1751462704487,"remoteIdentityKey":"BcBZOakEyQsJmKZEdhJ8hOtFT5TnLXaBxNTl5bBIMCIb"},"_chains":{"BYCySOF89yw5vFlrD809pZh3RPM/YIcl06seeFpvl7xb":{"chainKey":{"counter":1,"key":"rNKAwWwEGSoHpjhniUt/LG6qIi1CI/xLT2REuVNTMaE="},"chainType":1,"messageKeys":{}}},"pendingPreKey":{"signedKeyId":1,"baseKey":"BfDaaJCm/U268brG+pftM6Y+q3pPKKPRCw06h0/0BBpB","preKeyId":78}}},"version":"v1"}