{"_sessions":{"BbHSFE2B2AUP+PV3va8ihN4UIf3h7acg/BPE8wgiqEpZ":{"registrationId":428197359,"currentRatchet":{"ephemeralKeyPair":{"pubKey":"BekwH/g75s8SsMrXKxqZ76Ic/mbPx9E3y5MLfx3Q3LIf","privKey":"oNa9/RjlUHMZiIiuLIERIgPS1quHu6Jrwi382Ok/rmA="},"lastRemoteEphemeralKey":"BYuEqnZ1o+FdnWZz3aok6K26o7KgeVeYL2PbKcBrBEsp","previousCounter":0,"rootKey":"8pOnV1M6ZS12QiDA9Z1TdZeZRQ4mipLsvykX9QRAdko="},"indexInfo":{"baseKey":"BbHSFE2B2AUP+PV3va8ihN4UIf3h7acg/BPE8wgiqEpZ","baseKeyType":1,"closed":-1,"used":1751462958252,"created":1751462704504,"remoteIdentityKey":"BTzuZ8AL7VlJlXnmhfGtr2etHMFTawXiwZ+9S4En9hwF"},"_chains":{"BeWl0n6Vi7wScsyHnMxApTHYbv9nrLreVFEQCF0yhj9Y":{"chainKey":{"counter":0},"chainType":2,"messageKeys":{}},"BYuEqnZ1o+FdnWZz3aok6K26o7KgeVeYL2PbKcBrBEsp":{"chainKey":{"counter":0,"key":"vHuYLN7yd6rG5ZGX8WuWb6VLJWC8FD5GLi0ocDL5jKI="},"chainType":2,"messageKeys":{}},"BekwH/g75s8SsMrXKxqZ76Ic/mbPx9E3y5MLfx3Q3LIf":{"chainKey":{"counter":-1,"key":"WJz4S+OHwc+CAvGamfvaEMUjBbzwSL+msL1RLKKafR8="},"chainType":1,"messageKeys":{}}}}},"version":"v1"}